uid,rq_index,rq_text,resync_watch_condition_ja,resync_watch_item_1_ja,resync_watch_item_2_ja,resync_watch_item_3_ja,resync_watch_rule_ja,resync_watch_state,generated_at_utc
U12,1,On what basis should identifiers be assigned to post-branch entities?,after resync_execution_logged,Monitor differential recurrence after resynchronization,Monitor for recurrence of terminology drift,Monitor priority re-changes,resync_watch_stable if there are no abnormalities twice in a row,watch_gate_fixed,2026-03-02T00:46:00Z
U12,2,"At what point should the inheritance rules for responsibilities, rights, and consent diverge?",after resync_execution_logged,Monitor differential recurrence after resynchronization,Monitor for recurrence of terminology drift,Monitor priority re-changes,resync_watch_stable if there are no abnormalities twice in a row,watch_gate_fixed,2026-03-02T00:46:00Z
U12,3,How should mismatches between the psychological continuity criterion and the legal individual criterion be handled?,after resync_execution_logged,Monitor differential recurrence after resynchronization,Monitor for recurrence of terminology drift,Monitor priority re-changes,resync_watch_stable if there are no abnormalities twice in a row,watch_gate_fixed,2026-03-02T00:46:00Z
U12,4,How should technical evaluation (performance) be connected to personhood evaluation (attribution)?,after resync_execution_logged,Monitor differential recurrence after resynchronization,Monitor for recurrence of terminology drift,Monitor priority re-changes,resync_watch_stable if there are no abnormalities twice in a row,watch_gate_fixed,2026-03-02T00:46:00Z
U12,5,"If memory editing or resynchronization occurs between branched entities, what criteria should trigger reorganization of the legal entity ID?",after resync_execution_logged,Monitor differential recurrence after resynchronization,Monitor for recurrence of terminology drift,Monitor priority re-changes,resync_watch_stable if there are no abnormalities twice in a row,watch_gate_fixed,2026-03-02T00:46:00Z
U12,6,"When consent is withdrawn, how should revocation of permissions across multiple branched entities be implemented and audited technically?",after resync_execution_logged,Monitor differential recurrence after resynchronization,Monitor for recurrence of terminology drift,Monitor priority re-changes,resync_watch_stable if there are no abnormalities twice in a row,watch_gate_fixed,2026-03-02T00:46:00Z
U15,1,"Under which legal concept should the sensitivity of neural data be handled (personal data, biometric data, or personhood-related data)?",after resync_execution_logged,Monitor differential recurrence after resynchronization,Monitor for recurrence of terminology drift,Monitor priority re-changes,resync_watch_stable if there are no abnormalities twice in a row,watch_gate_fixed,2026-03-02T00:46:00Z
U15,2,How should neurorights be mapped onto technical audit items?,after resync_execution_logged,Monitor differential recurrence after resynchronization,Monitor for recurrence of terminology drift,Monitor priority re-changes,resync_watch_stable if there are no abnormalities twice in a row,watch_gate_fixed,2026-03-02T00:46:00Z
U15,3,"How should the minimum common operating model across jurisdictions (EU/US/JP, etc.) be defined?",after resync_execution_logged,Monitor differential recurrence after resynchronization,Monitor for recurrence of terminology drift,Monitor priority re-changes,resync_watch_stable if there are no abnormalities twice in a row,watch_gate_fixed,2026-03-02T00:46:00Z
U15,4,How should stop conditions and update conditions be governed as technology evolves?,after resync_execution_logged,Monitor differential recurrence after resynchronization,Monitor for recurrence of terminology drift,Monitor priority re-changes,resync_watch_stable if there are no abnormalities twice in a row,watch_gate_fixed,2026-03-02T00:46:00Z
