uid,rq_index,rq_text,confirmation_condition_ja,confirmation_item_1_ja,confirmation_item_2_ja,confirmation_item_3_ja,confirmation_rule_ja,confirmation_state,generated_at_utc
U12,1,On what basis should identifiers be assigned to post-branch entities?,When watch_resync_stability_ready is reached,Attach maintenance confirmation record,Record differential stability confirmation,Record the next correction points,stability_confirmation_logged with 3 records fulfilled,confirmation_ledger_fixed,2026-03-02T01:28:00Z
U12,2,"At what point should the inheritance rules for responsibilities, rights, and consent diverge?",When watch_resync_stability_ready is reached,Attach maintenance confirmation record,Record differential stability confirmation,Record the next correction points,stability_confirmation_logged with 3 records fulfilled,confirmation_ledger_fixed,2026-03-02T01:28:00Z
U12,3,How should mismatches between the psychological continuity criterion and the legal individual criterion be handled?,When watch_resync_stability_ready is reached,Attach maintenance confirmation record,Record differential stability confirmation,Record the next correction points,stability_confirmation_logged with 3 records fulfilled,confirmation_ledger_fixed,2026-03-02T01:28:00Z
U12,4,How should technical evaluation (performance) be connected to personhood evaluation (attribution)?,When watch_resync_stability_ready is reached,Attach maintenance confirmation record,Record differential stability confirmation,Record the next correction points,stability_confirmation_logged with 3 records fulfilled,confirmation_ledger_fixed,2026-03-02T01:28:00Z
U12,5,"If memory editing or resynchronization occurs between branched entities, what criteria should trigger reorganization of the legal entity ID?",When watch_resync_stability_ready is reached,Attach maintenance confirmation record,Record differential stability confirmation,Record the next correction points,stability_confirmation_logged with 3 records fulfilled,confirmation_ledger_fixed,2026-03-02T01:28:00Z
U12,6,"When consent is withdrawn, how should revocation of permissions across multiple branched entities be implemented and audited technically?",When watch_resync_stability_ready is reached,Attach maintenance confirmation record,Record differential stability confirmation,Record the next correction points,stability_confirmation_logged with 3 records fulfilled,confirmation_ledger_fixed,2026-03-02T01:28:00Z
U15,1,"Under which legal concept should the sensitivity of neural data be handled (personal data, biometric data, or personhood-related data)?",When watch_resync_stability_ready is reached,Attach maintenance confirmation record,Record differential stability confirmation,Record the next correction points,stability_confirmation_logged with 3 records fulfilled,confirmation_ledger_fixed,2026-03-02T01:28:00Z
U15,2,How should neurorights be mapped onto technical audit items?,When watch_resync_stability_ready is reached,Attach maintenance confirmation record,Record differential stability confirmation,Record the next correction points,stability_confirmation_logged with 3 records fulfilled,confirmation_ledger_fixed,2026-03-02T01:28:00Z
U15,3,"How should the minimum common operating model across jurisdictions (EU/US/JP, etc.) be defined?",When watch_resync_stability_ready is reached,Attach maintenance confirmation record,Record differential stability confirmation,Record the next correction points,stability_confirmation_logged with 3 records fulfilled,confirmation_ledger_fixed,2026-03-02T01:28:00Z
U15,4,How should stop conditions and update conditions be governed as technology evolves?,When watch_resync_stability_ready is reached,Attach maintenance confirmation record,Record differential stability confirmation,Record the next correction points,stability_confirmation_logged with 3 records fulfilled,confirmation_ledger_fixed,2026-03-02T01:28:00Z
