uid,rq_index,rq_text,exception_case_ja,detection_signal_ja,temporary_action_ja,escalation_owner,escalation_condition_ja,resume_condition_ja,generated_at_utc
U12,1,On what basis should identifiers be assigned to post-branch entities?,Access route re-change,2xx non-delivery or final URL mismatch,Stop updating the text and only add deferred logs,Research operator,Two consecutive failures with the same URL,You can recover 2xx and get the heading by checking the browser.,2026-03-01T15:33:10Z
U12,2,"At what point should the inheritance rules for responsibilities, rights, and consent diverge?",Revision history not obtained,Revision date or heading cannot be extracted,Stop updating the text and record it as insufficient trail,Research operator,Two or more items are missing among the required trail items,You can get the revision date and heading.,2026-03-01T15:33:10Z
U12,3,How should mismatches between the psychological continuity criterion and the legal individual criterion be handled?,Difference judgment collision,trigger word match but clause difference unclear,Deferred decision and request for additional confirmation,Research operator,Judgment discrepancy occurs twice for the same question,The presence or absence of clause differences can be explained with a single conclusion.,2026-03-01T15:33:10Z
U12,4,How should technical evaluation (performance) be connected to personhood evaluation (attribution)?,Incorporeal differences included,Only UI changes and link normalization,Stop text update and record non-trigger,Research operator,Non-trigger factors occur 3 times in a row,You can check the difference in the heading that shows the actual difference.,2026-03-01T15:33:10Z
U12,5,"If memory editing or resynchronization occurs between branched entities, what criteria should trigger reorganization of the legal entity ID?",Impossible to determine term fluctuation,Trigger word determination is ambiguous due to synonym difference,Update the vocabulary reference table on hold.,Research operator,Continuation of inability to conclude due to synonyms,Trigger judgment can be reproduced using existing vocabulary,2026-03-01T15:33:10Z
U12,6,"When consent is withdrawn, how should revocation of permissions across multiple branched entities be implemented and audited technically?",Missing audit trail,Confirmation time or confirmation URL not recorded,Request to stop updating the main text and complete missing items,Research operator,Even one required log item is missing,All required log items have been recorded,2026-03-01T15:33:10Z
U15,1,"Under which legal concept should the sensitivity of neural data be handled (personal data, biometric data, or personhood-related data)?",Official page delay,Timeout continues on CLI,Stop text updates and record retry plan,Research operator,2 failed attempts within 24 hours,Successful acquisition of revision date of official page,2026-03-01T15:33:10Z
U15,2,How should neurorights be mapped onto technical audit items?,Reference source mismatch,Conflicting update dates in multiple official documents,Stop updating the main text and put it on hold until the conflict is resolved,Research operator,Update date discrepancy persists,See consistent update dates on priority official documents,2026-03-01T15:33:10Z
U15,3,"How should the minimum common operating model across jurisdictions (EU/US/JP, etc.) be defined?",Excessive jurisdictional difference,Differences in requirements by jurisdiction make it impossible to unify,Stop updating the main text and extract only the common minimum requirements,Research operator,Unable to define minimum common requirements,Can extract 3 or more common requirements,2026-03-01T15:33:10Z
U15,4,How should stop conditions and update conditions be governed as technology evolves?,Re-evaluation period unknown,Stopping conditions and re-evaluation period are not described.,Stop updating the main text and record the reason for deferring it.,Research operator,Unable to confirm clear re-evaluation period,Stop conditions and re-evaluation cycle can be checked at the same time,2026-03-01T15:33:10Z
